{
  "en": {
    "login": "Log in",
    "tuckinto": "Tuck into a takeaway today",
    "findrestaurants": "Find restaurants delivering right now, near you",
    "search": "Search",
    "findyour": "Find your flavour even faster",
    "downloadthejust": "Download the Just Eat app for faster ordering and more personalised recommendations.",
    "customerservice": "Customer service",
    "contact": "Contact us",
    "signup": "Sign up",
    "myaccount": "My account",
    "mobileapps": "Mobile apps",
    "redeem": "Redeem a Giftcard",
    "buygift": "Buy a Giftcard",
    "locallegends": "Local Legends",
    "topcuisines": "Top cuisines",
    "chinese": "Chinese",
    "fish": "Fish & Chips",
    "indian": "Indian",
    "pizza": "Pizza",
    "italian": "Italian",
    "kebabs": "Kebabs",
    "sushi": "Sushi",
    "groceries": "Groceries",
    "viewallcuisines": "View all cuisines",
    "london": "London",
    "manchester": "Manchester",
    "birmingham": "Birmingham",
    "leeds": "Leeds",
    "glasgow": "Glasgow",
    "viewalllocations": "View all locations",
    "mcdonald": "McDonald's",
    "kfc": "KFC",
    "burgerking": "Burger King",
    "domino": "Domino's Pizza",
    "papa": "Papa John's",
    "greggs": "Greggs",
    "subway": "Subway",
    "starbucks": "Starbucks",
    "costa": "Costa Coffee",
    "viewallbrands": "View all brands",
    "aboutus": "About us",
    "restaurant": "Restaurant sign up",
    "deliverwithjusteat": "Deliver with Just Eat",
    "careers": "Careers",
    "sustainability": "Sustainability",
    "justeatforbusiness": "Just Eat for Business",
    "bugbounty": "Bug Bounty",
    "pricepromise": "Price promise",
    "privacy": "Privacy Policy",
    "terms": "Terms and Conditions",
    "cookie": "Cookie Policy",
    "modern": "Modern Slavery Statement",
    "gender22": "Gender Pay Gap 2022",
    "gender21": "Gender Pay Gap 2019-2021",
    "ethics": "Ethics hotline",
    "winchampions": "Win Champions League® Tickets",
    "didsomebody": "Did Somebody Say Just Eat 2023",
    "downloadourapps": "Download our apps",
    "feedback": "Feedback",
    "helpusimprove": "Help us improve our website",
    "sendfeedback": "Send feedback",
    "followus": "Follow us",
    "cookiepref": "Check my cookie preferences",
    "welcomeback": "Welcome back",
    "facebook": "Continue with Facebook",
    "or": "OR",
    "email": "Email",
    "password": "Password",
    "rememberme": "Remember me",
    "forgotpassword": "Forgot password?",
    "dontaccount": "Don't have an account?",
    "bycreating": "By creating an account you agree to our",
    "termsandcond": "Terms and Conditions",
    "pleaseread": ". Please read our",
    "pp": "Privacy Policy",
    "and": "and",
    "cookiepolicy": "Cookie Policy",
    "createaccount": "Create account",
    "signupfacebook": "Sign Up with Facebook",
    "passwordagain": "Password Again",
    "createaccountbutton": "Create account",
    "alreadyhave": "Already have an account?",
    "signin": "Sign in",
    "selectcountry": "Select your country"
  },
  "de-AT": {
    "login": "Anmelden",
    "tuckinto": "Genieße heute ein Essen zum Mitnehmen",
    "findrestaurants": "Finde jetzt Restaurants in deiner Nähe, die liefern",
    "search": "Suchen",
    "findyour": "Finde dein Lieblingsessen noch schneller",
    "downloadthejust": "Lade die Just Eat App für schnelleres Bestellen und personalisierte Empfehlungen herunter.",
    "customerservice": "Kundenservice",
    "contact": "Kontaktiere uns",
    "signup": "Registrieren",
    "myaccount": "Mein Konto",
    "mobileapps": "Mobile Apps",
    "redeem": "Geschenkkarte einlösen",
    "buygift": "Geschenkkarte kaufen",
    "locallegends": "Lokale Legenden",
    "topcuisines": "Top Küchen",
    "chinese": "Chinesisch",
    "fish": "Fish & Chips",
    "indian": "Indisch",
    "pizza": "Pizza",
    "italian": "Italienisch",
    "kebabs": "Kebabs",
    "sushi": "Sushi",
    "groceries": "Lebensmittel",
    "viewallcuisines": "Alle Küchen ansehen",
    "london": "London",
    "manchester": "Manchester",
    "birmingham": "Birmingham",
    "leeds": "Leeds",
    "glasgow": "Glasgow",
    "viewalllocations": "Alle Standorte anzeigen",
    "mcdonald": "McDonald's",
    "kfc": "KFC",
    "burgerking": "Burger King",
    "domino": "Domino's Pizza",
    "papa": "Papa John's",
    "greggs": "Greggs",
    "subway": "Subway",
    "starbucks": "Starbucks",
    "costa": "Costa Coffee",
    "viewallbrands": "Alle Marken anzeigen",
    "aboutus": "Über uns",
    "restaurant": "Restaurant anmelden",
    "deliverwithjusteat": "Mit Just Eat liefern",
    "careers": "Karriere",
    "sustainability": "Nachhaltigkeit",
    "justeatforbusiness": "Just Eat für Unternehmen",
    "bugbounty": "Bug Bounty",
    "pricepromise": "Preisversprechen",
    "privacy": "Datenschutzbestimmungen",
    "terms": "Geschäftsbedingungen",
    "cookie": "Cookie-Richtlinie",
    "modern": "Erklärung zur modernen Sklaverei",
    "gender22": "Geschlechterlohnlücke 2022",
    "gender21": "Geschlechterlohnlücke 2019-2021",
    "ethics": "Ethik-Hotline",
    "winchampions": "Champions League® Tickets gewinnen",
    "didsomebody": "Hat jemand Just Eat 2023 gesagt",
    "downloadourapps": "Unsere Apps herunterladen",
    "feedback": "Feedback",
    "helpusimprove": "Hilf uns, unsere Website zu verbessern",
    "sendfeedback": "Feedback senden",
    "followus": "Folge uns",
    "cookiepref": "Meine Cookie-Einstellungen überprüfen",
    "welcomeback": "Willkommen zurück",
    "facebook": "Mit Facebook fortfahren",
    "or": "ODER",
    "email": "E-Mail",
    "password": "Passwort",
    "rememberme": "Angemeldet bleiben",
    "forgotpassword": "Passwort vergessen?",
    "dontaccount": "Noch kein Konto?",
    "bycreating": "Mit der Erstellung eines Kontos stimmst du unseren",
    "termsandcond": "Geschäftsbedingungen zu",
    "pleaseread": ". Bitte lies unsere",
    "pp": "Datenschutzbestimmungen",
    "and": "und",
    "cookiepolicy": "Cookie-Richtlinie",
    "createaccount": "Konto erstellen",
    "signupfacebook": "Mit Facebook registrieren",
    "passwordagain": "Passwort erneut eingeben",
    "createaccountbutton": "Konto erstellen",
    "alreadyhave": "Bereits ein Konto?",
    "signin": "Anmelden",
    "selectcountry": "Wähle dein Land"
  },
  "nl-BE": {
    "login": "Inloggen",
    "tuckinto": "Geniet vandaag van een afhaalmaaltijd",
    "findrestaurants": "Vind nu restaurants die leveren, dicht bij jou",
    "search": "Zoeken",
    "findyour": "Vind nog sneller jouw smaak",
    "downloadthejust": "Download de Just Eat app voor sneller bestellen en meer gepersonaliseerde aanbevelingen.",
    "customerservice": "Klantenservice",
    "contact": "Neem contact met ons op",
    "signup": "Aanmelden",
    "myaccount": "Mijn account",
    "mobileapps": "Mobiele apps",
    "redeem": "Een cadeaukaart inwisselen",
    "buygift": "Een cadeaukaart kopen",
    "locallegends": "Lokale legendes",
    "topcuisines": "Topkeukens",
    "chinese": "Chinees",
    "fish": "Fish & Chips",
    "indian": "Indiaas",
    "pizza": "Pizza",
    "italian": "Italiaans",
    "kebabs": "Kebabs",
    "sushi": "Sushi",
    "groceries": "Boodschappen",
    "viewallcuisines": "Alle keukens bekijken",
    "london": "Londen",
    "manchester": "Manchester",
    "birmingham": "Birmingham",
    "leeds": "Leeds",
    "glasgow": "Glasgow",
    "viewalllocations": "Alle locaties bekijken",
    "mcdonald": "McDonald's",
    "kfc": "KFC",
    "burgerking": "Burger King",
    "domino": "Domino's Pizza",
    "papa": "Papa John's",
    "greggs": "Greggs",
    "subway": "Subway",
    "starbucks": "Starbucks",
    "costa": "Costa Coffee",
    "viewallbrands": "Alle merken bekijken",
    "aboutus": "Over ons",
    "restaurant": "Restaurant aanmelden",
    "deliverwithjusteat": "Leveren met Just Eat",
    "careers": "Carrière",
    "sustainability": "Duurzaamheid",
    "justeatforbusiness": "Just Eat voor bedrijven",
    "bugbounty": "Bug Bounty",
    "pricepromise": "Prijsbelofte",
    "privacy": "Privacybeleid",
    "terms": "Algemene voorwaarden",
    "cookie": "Cookiebeleid",
    "modern": "Verklaring over moderne slavernij",
    "gender22": "Loonkloof tussen geslachten 2022",
    "gender21": "Loonkloof tussen geslachten 2019-2021",
    "ethics": "Ethiek hotline",
    "winchampions": "Win Champions League® Tickets",
    "didsomebody": "Heeft iemand Just Eat 2023 gezegd",
    "downloadourapps": "Download onze apps",
    "feedback": "Feedback",
    "helpusimprove": "Help ons onze website te verbeteren",
    "sendfeedback": "Stuur feedback",
    "followus": "Volg ons",
    "cookiepref": "Bekijk mijn cookievoorkeuren",
    "welcomeback": "Welkom terug",
    "facebook": "Doorgaan met Facebook",
    "or": "OF",
    "email": "E-mail",
    "password": "Wachtwoord",
    "rememberme": "Onthoud mij",
    "forgotpassword": "Wachtwoord vergeten?",
    "dontaccount": "Heb je geen account?",
    "bycreating": "Door een account aan te maken, ga je akkoord met onze",
    "termsandcond": "Algemene voorwaarden",
    "pleaseread": ". Lees ons",
    "pp": "Privacybeleid",
    "and": "en",
    "cookiepolicy": "Cookiebeleid",
    "createaccount": "Account aanmaken",
    "signupfacebook": "Aanmelden met Facebook",
    "passwordagain": "Wachtwoord opnieuw",
    "createaccountbutton": "Account aanmaken",
    "alreadyhave": "Heb je al een account?",
    "signin": "Inloggen",
    "selectcountry": "Selecteer je land"
  },
  "fr-CA": {
    "login": "Se connecter",
    "tuckinto": "Profitez d'un repas à emporter aujourd'hui",
    "findrestaurants": "Trouvez des restaurants qui livrent maintenant, près de chez vous",
    "search": "Rechercher",
    "findyour": "Trouvez vos saveurs encore plus rapidement",
    "downloadthejust": "Téléchargez l'application Just Eat pour des commandes plus rapides et des recommandations personnalisées.",
    "customerservice": "Service client",
    "contact": "Contactez-nous",
    "signup": "S'inscrire",
    "myaccount": "Mon compte",
    "mobileapps": "Applications mobiles",
    "redeem": "Échanger une carte-cadeau",
    "buygift": "Acheter une carte-cadeau",
    "locallegends": "Légendes locales",
    "topcuisines": "Top cuisines",
    "chinese": "Chinois",
    "fish": "Fish & Chips",
    "indian": "Indien",
    "pizza": "Pizza",
    "italian": "Italien",
    "kebabs": "Kebabs",
    "sushi": "Sushi",
    "groceries": "Épicerie",
    "viewallcuisines": "Voir toutes les cuisines",
    "london": "Londres",
    "manchester": "Manchester",
    "birmingham": "Birmingham",
    "leeds": "Leeds",
    "glasgow": "Glasgow",
    "viewalllocations": "Voir tous les emplacements",
    "mcdonald": "McDonald's",
    "kfc": "KFC",
    "burgerking": "Burger King",
    "domino": "Domino's Pizza",
    "papa": "Papa John's",
    "greggs": "Greggs",
    "subway": "Subway",
    "starbucks": "Starbucks",
    "costa": "Costa Coffee",
    "viewallbrands": "Voir toutes les marques",
    "aboutus": "À propos de nous",
    "restaurant": "Inscription de restaurant",
    "deliverwithjusteat": "Livrer avec Just Eat",
    "careers": "Carrières",
    "sustainability": "Durabilité",
    "justeatforbusiness": "Just Eat pour les entreprises",
    "bugbounty": "Prime pour la découverte de bugs",
    "pricepromise": "Promesse de prix",
    "privacy": "Politique de confidentialité",
    "terms": "Conditions générales",
    "cookie": "Politique de cookies",
    "modern": "Déclaration sur l'esclavage moderne",
    "gender22": "Écart salarial de genre 2022",
    "gender21": "Écart salarial de genre 2019-2021",
    "ethics": "Ligne d'éthique",
    "winchampions": "Gagner des billets pour la Ligue des Champions®",
    "didsomebody": "Quelqu'un a dit Just Eat 2023",
    "downloadourapps": "Téléchargez nos applications",
    "feedback": "Retour d'information",
    "helpusimprove": "Aidez-nous à améliorer notre site Web",
    "sendfeedback": "Envoyer des commentaires",
    "followus": "Suivez-nous",
    "cookiepref": "Vérifier mes préférences de cookies",
    "welcomeback": "Bon retour",
    "facebook": "Continuer avec Facebook",
    "or": "OU",
    "email": "E-mail",
    "password": "Mot de passe",
    "rememberme": "Se souvenir de moi",
    "forgotpassword": "Mot de passe oublié?",
    "dontaccount": "Vous n'avez pas de compte?",
    "bycreating": "En créant un compte, vous acceptez nos",
    "termsandcond": "Conditions générales",
    "pleaseread": ". Veuillez lire notre",
    "pp": "Politique de confidentialité",
    "and": "et",
    "cookiepolicy": "Politique de cookies",
    "createaccount": "Créer un compte",
    "signupfacebook": "S'inscrire avec Facebook",
    "passwordagain": "Mot de passe encore",
    "createaccountbutton": "Créer un compte",
    "alreadyhave": "Vous avez déjà un compte?",
    "signin": "Se connecter",
    "selectcountry": "Sélectionnez votre pays"
  },
  "da": {
    "login": "Log ind",
    "tuckinto": "Nyd en takeaway i dag",
    "findrestaurants": "Find restauranter, der leverer lige nu, nær dig",
    "search": "Søg",
    "findyour": "Find din favoritsmag endnu hurtigere",
    "downloadthejust": "Download Just Eat-appen for hurtigere bestilling og mere personlige anbefalinger.",
    "customerservice": "Kundeservice",
    "contact": "Kontakt os",
    "signup": "Tilmeld",
    "myaccount": "Min konto",
    "mobileapps": "Mobil apps",
    "redeem": "Indløs et gavekort",
    "buygift": "Køb et gavekort",
    "locallegends": "Lokale legender",
    "topcuisines": "Top køkkener",
    "chinese": "Kinesisk",
    "fish": "Fish & Chips",
    "indian": "Indisk",
    "pizza": "Pizza",
    "italian": "Italiensk",
    "kebabs": "Kebabs",
    "sushi": "Sushi",
    "groceries": "Dagligvarer",
    "viewallcuisines": "Se alle køkkener",
    "london": "London",
    "manchester": "Manchester",
    "birmingham": "Birmingham",
    "leeds": "Leeds",
    "glasgow": "Glasgow",
    "viewalllocations": "Se alle steder",
    "mcdonald": "McDonald's",
    "kfc": "KFC",
    "burgerking": "Burger King",
    "domino": "Domino's Pizza",
    "papa": "Papa John's",
    "greggs": "Greggs",
    "subway": "Subway",
    "starbucks": "Starbucks",
    "costa": "Costa Coffee",
    "viewallbrands": "Se alle mærker",
    "aboutus": "Om os",
    "restaurant": "Tilmeld restaurant",
    "deliverwithjusteat": "Lever med Just Eat",
    "careers": "Karriere",
    "sustainability": "Bæredygtighed",
    "justeatforbusiness": "Just Eat til erhvervslivet",
    "bugbounty": "Bug Bounty",
    "pricepromise": "Prisløfte",
    "privacy": "Privatlivspolitik",
    "terms": "Vilkår og betingelser",
    "cookie": "Cookiepolitik",
    "modern": "Moderne Slaveri Erklæring",
    "gender22": "Køns lønforskel 2022",
    "gender21": "Køns lønforskel 2019-2021",
    "ethics": "Etik hotline",
    "winchampions": "Vind Champions League® billetter",
    "didsomebody": "Sagde nogen Just Eat 2023",
    "downloadourapps": "Download vores apps",
    "feedback": "Feedback",
    "helpusimprove": "Hjælp os med at forbedre vores hjemmeside",
    "sendfeedback": "Send feedback",
    "followus": "Følg os",
    "cookiepref": "Tjek mine cookie-præferencer",
    "welcomeback": "Velkommen tilbage",
    "facebook": "Fortsæt med Facebook",
    "or": "ELLER",
    "email": "Email",
    "password": "Adgangskode",
    "rememberme": "Husk mig",
    "forgotpassword": "Glemt adgangskode?",
    "dontaccount": "Har du ikke en konto?",
    "bycreating": "Ved at oprette en konto accepterer du vores",
    "termsandcond": "Vilkår og betingelser",
    "pleaseread": ". Læs venligst vores",
    "pp": "Privatlivspolitik",
    "and": "og",
    "cookiepolicy": "Cookiepolitik",
    "createaccount": "Opret konto",
    "signupfacebook": "Tilmeld dig med Facebook",
    "passwordagain": "Adgangskode igen",
    "createaccountbutton": "Opret konto",
    "alreadyhave": "Har du allerede en konto?",
    "signin": "Log ind",
    "selectcountry": "Vælg dit land"
  },
  "fr": {
    "login": "Connexion",
    "tuckinto": "Profitez d'un repas à emporter aujourd'hui",
    "findrestaurants": "Trouvez des restaurants qui livrent maintenant, près de chez vous",
    "search": "Recherche",
    "findyour": "Trouvez vos saveurs encore plus rapidement",
    "downloadthejust": "Téléchargez l'application Just Eat pour des commandes plus rapides et des recommandations personnalisées.",
    "customerservice": "Service client",
    "contact": "Contactez-nous",
    "signup": "S'inscrire",
    "myaccount": "Mon compte",
    "mobileapps": "Applications mobiles",
    "redeem": "Utiliser une carte cadeau",
    "buygift": "Acheter une carte cadeau",
    "locallegends": "Légendes locales",
    "topcuisines": "Principales cuisines",
    "chinese": "Chinois",
    "fish": "Fish & Chips",
    "indian": "Indien",
    "pizza": "Pizza",
    "italian": "Italien",
    "kebabs": "Kebabs",
    "sushi": "Sushi",
    "groceries": "Épicerie",
    "viewallcuisines": "Voir toutes les cuisines",
    "london": "Londres",
    "manchester": "Manchester",
    "birmingham": "Birmingham",
    "leeds": "Leeds",
    "glasgow": "Glasgow",
    "viewalllocations": "Voir tous les emplacements",
    "mcdonald": "McDonald's",
    "kfc": "KFC",
    "burgerking": "Burger King",
    "domino": "Domino's Pizza",
    "papa": "Papa John's",
    "greggs": "Greggs",
    "subway": "Subway",
    "starbucks": "Starbucks",
    "costa": "Costa Coffee",
    "viewallbrands": "Voir toutes les marques",
    "aboutus": "À propos de nous",
    "restaurant": "Inscription restaurant",
    "deliverwithjusteat": "Livrer avec Just Eat",
    "careers": "Carrières",
    "sustainability": "Durabilité",
    "justeatforbusiness": "Just Eat pour les entreprises",
    "bugbounty": "Prime pour la découverte de bugs",
    "pricepromise": "Promesse de prix",
    "privacy": "Politique de confidentialité",
    "terms": "Conditions générales",
    "cookie": "Politique de cookies",
    "modern": "Déclaration sur l'esclavage moderne",
    "gender22": "Écart de rémunération par sexe 2022",
    "gender21": "Écart de rémunération par sexe 2019-2021",
    "ethics": "Ligne d'éthique",
    "winchampions": "Gagnez des billets pour la Ligue des Champions®",
    "didsomebody": "Quelqu'un a dit Just Eat 2023",
    "downloadourapps": "Téléchargez nos applications",
    "feedback": "Retour d'information",
    "helpusimprove": "Aidez-nous à améliorer notre site",
    "sendfeedback": "Envoyer un retour",
    "followus": "Suivez-nous",
    "cookiepref": "Vérifiez mes préférences de cookies",
    "welcomeback": "Bienvenue de retour",
    "facebook": "Continuer avec Facebook",
    "or": "OU",
    "email": "E-mail",
    "password": "Mot de passe",
    "rememberme": "Se souvenir de moi",
    "forgotpassword": "Mot de passe oublié ?",
    "dontaccount": "Vous n'avez pas de compte ?",
    "bycreating": "En créant un compte, vous acceptez nos",
    "termsandcond": "Termes et conditions",
    "pleaseread": ". Veuillez lire notre",
    "pp": "Politique de confidentialité",
    "and": "et",
    "cookiepolicy": "Politique de cookies",
    "createaccount": "Créer un compte",
    "signupfacebook": "S'inscrire avec Facebook",
    "passwordagain": "Mot de passe (encore)",
    "createaccountbutton": "Créer un compte",
    "alreadyhave": "Vous avez déjà un compte ?",
    "signin": "Se connecter",
    "selectcountry": "Sélectionnez votre pays"
  },
  "de": {
    "login": "Einloggen",
    "tuckinto": "Genießen Sie heute ein Essen zum Mitnehmen",
    "findrestaurants": "Finden Sie Restaurants, die jetzt gerade liefern, in Ihrer Nähe",
    "search": "Suchen",
    "findyour": "Finden Sie schneller Ihren Geschmack",
    "downloadthejust": "Laden Sie die Just Eat App für schnelleres Bestellen und personalisierte Empfehlungen herunter.",
    "customerservice": "Kundendienst",
    "contact": "Kontaktieren Sie uns",
    "signup": "Anmelden",
    "myaccount": "Mein Konto",
    "mobileapps": "Mobile Apps",
    "redeem": "Geschenkkarte einlösen",
    "buygift": "Geschenkkarte kaufen",
    "locallegends": "Lokale Legenden",
    "topcuisines": "Top Küchen",
    "chinese": "Chinesisch",
    "fish": "Fish & Chips",
    "indian": "Indisch",
    "pizza": "Pizza",
    "italian": "Italienisch",
    "kebabs": "Kebabs",
    "sushi": "Sushi",
    "groceries": "Lebensmittel",
    "viewallcuisines": "Alle Küchen anzeigen",
    "london": "London",
    "manchester": "Manchester",
    "birmingham": "Birmingham",
    "leeds": "Leeds",
    "glasgow": "Glasgow",
    "viewalllocations": "Alle Standorte anzeigen",
    "mcdonald": "McDonald's",
    "kfc": "KFC",
    "burgerking": "Burger King",
    "domino": "Domino's Pizza",
    "papa": "Papa John's",
    "greggs": "Greggs",
    "subway": "Subway",
    "starbucks": "Starbucks",
    "costa": "Costa Coffee",
    "viewallbrands": "Alle Marken anzeigen",
    "aboutus": "Über uns",
    "restaurant": "Restaurant anmelden",
    "deliverwithjusteat": "Mit Just Eat liefern",
    "careers": "Karriere",
    "sustainability": "Nachhaltigkeit",
    "justeatforbusiness": "Just Eat für Geschäftskunden",
    "bugbounty": "Bug-Bounty",
    "pricepromise": "Preisversprechen",
    "privacy": "Datenschutzbestimmungen",
    "terms": "Geschäftsbedingungen",
    "cookie": "Cookie-Richtlinie",
    "modern": "Erklärung zur modernen Sklaverei",
    "gender22": "Geschlechter-Lohngefälle 2022",
    "gender21": "Geschlechter-Lohngefälle 2019-2021",
    "ethics": "Ethik-Hotline",
    "winchampions": "Champions League® Tickets gewinnen",
    "didsomebody": "Hat jemand Just Eat 2023 gesagt?",
    "downloadourapps": "Unsere Apps herunterladen",
    "feedback": "Feedback",
    "helpusimprove": "Helfen Sie uns, unsere Webseite zu verbessern",
    "sendfeedback": "Feedback senden",
    "followus": "Folgen Sie uns",
    "cookiepref": "Meine Cookie-Einstellungen überprüfen",
    "welcomeback": "Willkommen zurück",
    "facebook": "Mit Facebook fortfahren",
    "or": "ODER",
    "email": "E-Mail",
    "password": "Passwort",
    "rememberme": "Angemeldet bleiben",
    "forgotpassword": "Passwort vergessen?",
    "dontaccount": "Noch kein Konto?",
    "bycreating": "Mit der Erstellung eines Kontos stimmen Sie unseren",
    "termsandcond": "Allgemeinen Geschäftsbedingungen zu",
    "pleaseread": ". Bitte lesen Sie unsere",
    "pp": "Datenschutzerklärung",
    "and": "und",
    "cookiepolicy": "Cookie-Richtlinie",
    "createaccount": "Konto erstellen",
    "signupfacebook": "Mit Facebook anmelden",
    "passwordagain": "Passwort wiederholen",
    "createaccountbutton": "Konto erstellen",
    "alreadyhave": "Schon ein Konto?",
    "signin": "Anmelden",
    "selectcountry": "Wählen Sie Ihr Land"
  },
  "it": {
    "login": "Accedi",
    "tuckinto": "Goditi un pasto da asporto oggi",
    "findrestaurants": "Trova ristoranti che consegnano ora, vicino a te",
    "search": "Cerca",
    "findyour": "Trova il tuo gusto ancora più velocemente",
    "downloadthejust": "Scarica l'app Just Eat per ordinazioni più rapide e raccomandazioni personalizzate.",
    "customerservice": "Servizio clienti",
    "contact": "Contattaci",
    "signup": "Registrati",
    "myaccount": "Il mio account",
    "mobileapps": "App mobili",
    "redeem": "Riscatta una carta regalo",
    "buygift": "Compra una carta regalo",
    "locallegends": "Leggende locali",
    "topcuisines": "Cucine top",
    "chinese": "Cinese",
    "fish": "Fish & Chips",
    "indian": "Indiano",
    "pizza": "Pizza",
    "italian": "Italiano",
    "kebabs": "Kebab",
    "sushi": "Sushi",
    "groceries": "Generi alimentari",
    "viewallcuisines": "Visualizza tutte le cucine",
    "london": "Londra",
    "manchester": "Manchester",
    "birmingham": "Birmingham",
    "leeds": "Leeds",
    "glasgow": "Glasgow",
    "viewalllocations": "Visualizza tutte le località",
    "mcdonald": "McDonald's",
    "kfc": "KFC",
    "burgerking": "Burger King",
    "domino": "Domino's Pizza",
    "papa": "Papa John's",
    "greggs": "Greggs",
    "subway": "Subway",
    "starbucks": "Starbucks",
    "costa": "Costa Coffee",
    "viewallbrands": "Visualizza tutti i marchi",
    "aboutus": "Chi siamo",
    "restaurant": "Iscrivi il ristorante",
    "deliverwithjusteat": "Consegna con Just Eat",
    "careers": "Carriere",
    "sustainability": "Sostenibilità",
    "justeatforbusiness": "Just Eat per le aziende",
    "bugbounty": "Bug Bounty",
    "pricepromise": "Promessa di prezzo",
    "privacy": "Politica sulla privacy",
    "terms": "Termini e condizioni",
    "cookie": "Politica sui cookie",
    "modern": "Dichiarazione sulla schiavitù moderna",
    "gender22": "Disparità di genere nei salari 2022",
    "gender21": "Disparità di genere nei salari 2019-2021",
    "ethics": "Linea etica",
    "winchampions": "Vinci i biglietti per la Champions League®",
    "didsomebody": "Qualcuno ha detto Just Eat 2023",
    "downloadourapps": "Scarica le nostre app",
    "feedback": "Feedback",
    "helpusimprove": "Aiutaci a migliorare il nostro sito",
    "sendfeedback": "Invia feedback",
    "followus": "Seguici",
    "cookiepref": "Controlla le mie preferenze sui cookie",
    "welcomeback": "Bentornato",
    "facebook": "Continua con Facebook",
    "or": "OPPURE",
    "email": "Email",
    "password": "Password",
    "rememberme": "Ricordami",
    "forgotpassword": "Password dimenticata?",
    "dontaccount": "Non hai un account?",
    "bycreating": "Creando un account, accetti i nostri",
    "termsandcond": "Termini e condizioni",
    "pleaseread": ". Si prega di leggere la nostra",
    "pp": "Politica sulla privacy",
    "and": "e",
    "cookiepolicy": "Politica sui cookie",
    "createaccount": "Crea account",
    "signupfacebook": "Registrati con Facebook",
    "passwordagain": "Password di nuovo",
    "createaccountbutton": "Crea account",
    "alreadyhave": "Hai già un account?",
    "signin": "Accedi",
    "selectcountry": "Seleziona il tuo paese"
  },
  "nl": {
    "login": "Inloggen",
    "tuckinto": "Geniet vandaag van een afhaalmaaltijd",
    "findrestaurants": "Vind nu restaurants die leveren, dicht bij jou",
    "search": "Zoeken",
    "findyour": "Vind sneller jouw favoriete smaak",
    "downloadthejust": "Download de Just Eat-app voor snellere bestellingen en meer gepersonaliseerde aanbevelingen.",
    "customerservice": "Klantenservice",
    "contact": "Neem contact met ons op",
    "signup": "Registreren",
    "myaccount": "Mijn account",
    "mobileapps": "Mobiele apps",
    "redeem": "Een cadeaubon inwisselen",
    "buygift": "Een cadeaubon kopen",
    "locallegends": "Lokale legendes",
    "topcuisines": "Topkeukens",
    "chinese": "Chinees",
    "fish": "Fish & Chips",
    "indian": "Indiaas",
    "pizza": "Pizza",
    "italian": "Italiaans",
    "kebabs": "Kebabs",
    "sushi": "Sushi",
    "groceries": "Boodschappen",
    "viewallcuisines": "Bekijk alle keukens",
    "london": "Londen",
    "manchester": "Manchester",
    "birmingham": "Birmingham",
    "leeds": "Leeds",
    "glasgow": "Glasgow",
    "viewalllocations": "Bekijk alle locaties",
    "mcdonald": "McDonald's",
    "kfc": "KFC",
    "burgerking": "Burger King",
    "domino": "Domino's Pizza",
    "papa": "Papa John's",
    "greggs": "Greggs",
    "subway": "Subway",
    "starbucks": "Starbucks",
    "costa": "Costa Coffee",
    "viewallbrands": "Bekijk alle merken",
    "aboutus": "Over ons",
    "restaurant": "Restaurant aanmelden",
    "deliverwithjusteat": "Leveren met Just Eat",
    "careers": "Carrière",
    "sustainability": "Duurzaamheid",
    "justeatforbusiness": "Just Eat voor bedrijven",
    "bugbounty": "Bug Bounty",
    "pricepromise": "Prijsbelofte",
    "privacy": "Privacybeleid",
    "terms": "Algemene voorwaarden",
    "cookie": "Cookiebeleid",
    "modern": "Verklaring over moderne slavernij",
    "gender22": "Loonkloof tussen geslachten 2022",
    "gender21": "Loonkloof tussen geslachten 2019-2021",
    "ethics": "Ethiek hotline",
    "winchampions": "Win Champions League® Tickets",
    "didsomebody": "Heeft iemand Just Eat 2023 gezegd?",
    "downloadourapps": "Download onze apps",
    "feedback": "Feedback",
    "helpusimprove": "Help ons onze website te verbeteren",
    "sendfeedback": "Feedback verzenden",
    "followus": "Volg ons",
    "cookiepref": "Controleer mijn cookievoorkeuren",
    "welcomeback": "Welkom terug",
    "facebook": "Doorgaan met Facebook",
    "or": "OF",
    "email": "E-mail",
    "password": "Wachtwoord",
    "rememberme": "Onthoud mij",
    "forgotpassword": "Wachtwoord vergeten?",
    "dontaccount": "Heb je geen account?",
    "bycreating": "Door een account aan te maken, ga je akkoord met onze",
    "termsandcond": "Algemene voorwaarden",
    "pleaseread": ". Lees alstublieft ons",
    "pp": "Privacybeleid",
    "and": "en",
    "cookiepolicy": "Cookiebeleid",
    "createaccount": "Account aanmaken",
    "signupfacebook": "Registreren met Facebook",
    "passwordagain": "Wachtwoord opnieuw",
    "createaccountbutton": "Account aanmaken",
    "alreadyhave": "Heb je al een account?",
    "signin": "Inloggen",
    "selectcountry": "Selecteer je land"
  },
  "no": {
    "login": "Logg inn",
    "tuckinto": "Nyt takeaway i dag",
    "findrestaurants": "Finn restauranter som leverer nå, nær deg",
    "search": "Søk",
    "findyour": "Finn din smak enda raskere",
    "downloadthejust": "Last ned Just Eat-appen for raskere bestilling og mer personlige anbefalinger.",
    "customerservice": "Kundeservice",
    "contact": "Kontakt oss",
    "signup": "Registrer deg",
    "myaccount": "Min konto",
    "mobileapps": "Mobilapper",
    "redeem": "Løs inn et gavekort",
    "buygift": "Kjøp et gavekort",
    "locallegends": "Lokale legender",
    "topcuisines": "Toppkjøkken",
    "chinese": "Kinesisk",
    "fish": "Fish & Chips",
    "indian": "Indisk",
    "pizza": "Pizza",
    "italian": "Italiensk",
    "kebabs": "Kebab",
    "sushi": "Sushi",
    "groceries": "Dagligvarer",
    "viewallcuisines": "Se alle kjøkken",
    "london": "London",
    "manchester": "Manchester",
    "birmingham": "Birmingham",
    "leeds": "Leeds",
    "glasgow": "Glasgow",
    "viewalllocations": "Se alle steder",
    "mcdonald": "McDonald's",
    "kfc": "KFC",
    "burgerking": "Burger King",
    "domino": "Domino's Pizza",
    "papa": "Papa John's",
    "greggs": "Greggs",
    "subway": "Subway",
    "starbucks": "Starbucks",
    "costa": "Costa Coffee",
    "viewallbrands": "Se alle merker",
    "aboutus": "Om oss",
    "restaurant": "Registrer restaurant",
    "deliverwithjusteat": "Lever med Just Eat",
    "careers": "Karriere",
    "sustainability": "Bærekraft",
    "justeatforbusiness": "Just Eat for bedrifter",
    "bugbounty": "Bug Bounty",
    "pricepromise": "Prisløfte",
    "privacy": "Personvern",
    "terms": "Vilkår og betingelser",
    "cookie": "Cookiepolitikk",
    "modern": "Erklæring om moderne slaveri",
    "gender22": "Kjønns lønnsgap 2022",
    "gender21": "Kjønns lønnsgap 2019-2021",
    "ethics": "Etikk hotline",
    "winchampions": "Vinn Champions League®-billetter",
    "didsomebody": "Sa noen Just Eat 2023?",
    "downloadourapps": "Last ned våre apper",
    "feedback": "Tilbakemelding",
    "helpusimprove": "Hjelp oss med å forbedre nettstedet vårt",
    "sendfeedback": "Send tilbakemelding",
    "followus": "Følg oss",
    "cookiepref": "Sjekk mine cookie-innstillinger",
    "welcomeback": "Velkommen tilbake",
    "facebook": "Fortsett med Facebook",
    "or": "ELLER",
    "email": "E-post",
    "password": "Passord",
    "rememberme": "Husk meg",
    "forgotpassword": "Glemt passord?",
    "dontaccount": "Har du ikke en konto?",
    "bycreating": "Ved å opprette en konto, godtar du våre",
    "termsandcond": "Vilkår og betingelser",
    "pleaseread": ". Vennligst les vår",
    "pp": "Personvernerklæring",
    "and": "og",
    "cookiepolicy": "Cookiepolitikk",
    "createaccount": "Opprett konto",
    "signupfacebook": "Registrer med Facebook",
    "passwordagain": "Passord igjen",
    "createaccountbutton": "Opprett konto",
    "alreadyhave": "Har du allerede en konto?",
    "signin": "Logg inn",
    "selectcountry": "Velg ditt land"
  },
  "pl": {
    "login": "Zaloguj się",
    "tuckinto": "Ciesz się posiłkiem na wynos już dziś",
    "findrestaurants": "Znajdź restauracje dostarczające jedzenie teraz, blisko Ciebie",
    "search": "Szukaj",
    "findyour": "Znajdź swoje ulubione smaki jeszcze szybciej",
    "downloadthejust": "Pobierz aplikację Just Eat, aby zamawiać szybciej i otrzymywać spersonalizowane rekomendacje.",
    "customerservice": "Obsługa klienta",
    "contact": "Skontaktuj się z nami",
    "signup": "Zarejestruj się",
    "myaccount": "Moje konto",
    "mobileapps": "Aplikacje mobilne",
    "redeem": "Zrealizuj kartę podarunkową",
    "buygift": "Kup kartę podarunkową",
    "locallegends": "Lokalne legendy",
    "topcuisines": "Najlepsze kuchnie",
    "chinese": "Chińska",
    "fish": "Fish & Chips",
    "indian": "Indyjska",
    "pizza": "Pizza",
    "italian": "Włoska",
    "kebabs": "Kebaby",
    "sushi": "Sushi",
    "groceries": "Artykuły spożywcze",
    "viewallcuisines": "Zobacz wszystkie kuchnie",
    "london": "Londyn",
    "manchester": "Manchester",
    "birmingham": "Birmingham",
    "leeds": "Leeds",
    "glasgow": "Glasgow",
    "viewalllocations": "Zobacz wszystkie lokalizacje",
    "mcdonald": "McDonald's",
    "kfc": "KFC",
    "burgerking": "Burger King",
    "domino": "Domino's Pizza",
    "papa": "Papa John's",
    "greggs": "Greggs",
    "subway": "Subway",
    "starbucks": "Starbucks",
    "costa": "Costa Coffee",
    "viewallbrands": "Zobacz wszystkie marki",
    "aboutus": "O nas",
    "restaurant": "Zarejestruj restaurację",
    "deliverwithjusteat": "Dostarczaj z Just Eat",
    "careers": "Kariera",
    "sustainability": "Zrównoważony rozwój",
    "justeatforbusiness": "Just Eat dla biznesu",
    "bugbounty": "Nagroda za znalezienie błędów",
    "pricepromise": "Obietnica ceny",
    "privacy": "Polityka prywatności",
    "terms": "Warunki i postanowienia",
    "cookie": "Polityka cookies",
    "modern": "Oświadczenie o współczesnym niewolnictwie",
    "gender22": "Różnica płac ze względu na płeć 2022",
    "gender21": "Różnica płac ze względu na płeć 2019-2021",
    "ethics": "Linia etyczna",
    "winchampions": "Wygraj bilety na Ligę Mistrzów®",
    "didsomebody": "Czy ktoś powiedział Just Eat 2023?",
    "downloadourapps": "Pobierz nasze aplikacje",
    "feedback": "Opinie",
    "helpusimprove": "Pomóż nam ulepszyć naszą stronę",
    "sendfeedback": "Wyślij opinię",
    "followus": "Obserwuj nas",
    "cookiepref": "Sprawdź moje preferencje dotyczące cookies",
    "welcomeback": "Witamy z powrotem",
    "facebook": "Kontynuuj z Facebookiem",
    "or": "LUB",
    "email": "Email",
    "password": "Hasło",
    "rememberme": "Zapamiętaj mnie",
    "forgotpassword": "Zapomniałeś hasła?",
    "dontaccount": "Nie masz konta?",
    "bycreating": "Tworząc konto, zgadzasz się na nasze",
    "termsandcond": "Warunki i postanowienia",
    "pleaseread": ". Proszę przeczytać naszą",
    "pp": "Politykę prywatności",
    "and": "i",
    "cookiepolicy": "Politykę cookies",
    "createaccount": "Utwórz konto",
    "signupfacebook": "Zarejestruj się przez Facebook",
    "passwordagain": "Hasło ponownie",
    "createaccountbutton": "Utwórz konto",
    "alreadyhave": "Masz już konto?",
    "signin": "Zaloguj się",
    "selectcountry": "Wybierz swój kraj"
  },
  "pt": {
    "login": "Entrar",
    "tuckinto": "Aproveite um takeaway hoje",
    "findrestaurants": "Encontre restaurantes que entregam agora, perto de você",
    "search": "Pesquisar",
    "findyour": "Encontre o seu sabor preferido mais rapidamente",
    "downloadthejust": "Baixe o aplicativo Just Eat para pedidos mais rápidos e recomendações personalizadas.",
    "customerservice": "Serviço ao cliente",
    "contact": "Fale conosco",
    "signup": "Inscreva-se",
    "myaccount": "Minha conta",
    "mobileapps": "Aplicativos móveis",
    "redeem": "Resgatar um cartão-presente",
    "buygift": "Comprar um cartão-presente",
    "locallegends": "Lendas locais",
    "topcuisines": "Principais culinárias",
    "chinese": "Chinês",
    "fish": "Fish & Chips",
    "indian": "Indiano",
    "pizza": "Pizza",
    "italian": "Italiano",
    "kebabs": "Kebabs",
    "sushi": "Sushi",
    "groceries": "Mercearia",
    "viewallcuisines": "Ver todas as culinárias",
    "london": "Londres",
    "manchester": "Manchester",
    "birmingham": "Birmingham",
    "leeds": "Leeds",
    "glasgow": "Glasgow",
    "viewalllocations": "Ver todos os locais",
    "mcdonald": "McDonald's",
    "kfc": "KFC",
    "burgerking": "Burger King",
    "domino": "Domino's Pizza",
    "papa": "Papa John's",
    "greggs": "Greggs",
    "subway": "Subway",
    "starbucks": "Starbucks",
    "costa": "Costa Coffee",
    "viewallbrands": "Ver todas as marcas",
    "aboutus": "Sobre nós",
    "restaurant": "Cadastre-se no restaurante",
    "deliverwithjusteat": "Entregue com Just Eat",
    "careers": "Carreiras",
    "sustainability": "Sustentabilidade",
    "justeatforbusiness": "Just Eat para Empresas",
    "bugbounty": "Bug Bounty",
    "pricepromise": "Promessa de Preço",
    "privacy": "Política de Privacidade",
    "terms": "Termos e Condições",
    "cookie": "Política de Cookies",
    "modern": "Declaração sobre Escravidão Moderna",
    "gender22": "Disparidade Salarial de Gênero 2022",
    "gender21": "Disparidade Salarial de Gênero 2019-2021",
    "ethics": "Linha de Ética",
    "winchampions": "Ganhe Ingressos para a Liga dos Campeões®",
    "didsomebody": "Alguém disse Just Eat 2023?",
    "downloadourapps": "Baixe nossos aplicativos",
    "feedback": "Feedback",
    "helpusimprove": "Ajude-nos a melhorar nosso site",
    "sendfeedback": "Enviar feedback",
    "followus": "Siga-nos",
    "cookiepref": "Verifique minhas preferências de cookies",
    "welcomeback": "Bem-vindo de volta",
    "facebook": "Continuar com o Facebook",
    "or": "OU",
    "email": "Email",
    "password": "Senha",
    "rememberme": "Lembre de mim",
    "forgotpassword": "Esqueceu a senha?",
    "dontaccount": "Não tem uma conta?",
    "bycreating": "Ao criar uma conta, concorda com os nossos",
    "termsandcond": "Termos e condições",
    "pleaseread": ". Por favor, leia os nossos",
    "pp": "Política de Privacidade",
    "and": "e",
    "cookiepolicy": "Política de cookies",
    "createaccount": "Criar conta",
    "signupfacebook": "Registar com o Facebook",
    "passwordagain": "Palavra-passe de novo",
    "createaccountbutton": "Criar conta",
    "alreadyhave": "Já tem uma conta?",
    "signin": "Iniciar sessão",
    "selectcountry": "Seleccione o seu país"
  },
  "ro": {
    "login": "Autentificare",
    "tuckinto": "Bucură-te de un takeaway astăzi",
    "findrestaurants": "Găsește restaurante care livrează chiar acum, în apropierea ta",
    "search": "Caută",
    "findyour": "Găsește-ți gustul preferat și mai rapid",
    "downloadthejust": "Descarcă aplicația Just Eat pentru comenzi mai rapide și recomandări personalizate.",
    "customerservice": "Serviciul clienți",
    "contact": "Contactează-ne",
    "signup": "Înregistrare",
    "myaccount": "Contul meu",
    "mobileapps": "Aplicații mobile",
    "redeem": "Răscumpără un card cadou",
    "buygift": "Cumpără un card cadou",
    "locallegends": "Legende locale",
    "topcuisines": "Topul bucătăriilor",
    "chinese": "Chinezesc",
    "fish": "Pește & Chips",
    "indian": "Indian",
    "pizza": "Pizza",
    "italian": "Italian",
    "kebabs": "Kebab",
    "sushi": "Sushi",
    "groceries": "Produse alimentare",
    "viewallcuisines": "Vezi toate bucătăriile",
    "london": "Londra",
    "manchester": "Manchester",
    "birmingham": "Birmingham",
    "leeds": "Leeds",
    "glasgow": "Glasgow",
    "viewalllocations": "Vezi toate locațiile",
    "mcdonald": "McDonald's",
    "kfc": "KFC",
    "burgerking": "Burger King",
    "domino": "Domino's Pizza",
    "papa": "Papa John's",
    "greggs": "Greggs",
    "subway": "Subway",
    "starbucks": "Starbucks",
    "costa": "Costa Coffee",
    "viewallbrands": "Vezi toate mărcile",
    "aboutus": "Despre noi",
    "restaurant": "Înregistrează un restaurant",
    "deliverwithjusteat": "Livrează cu Just Eat",
    "careers": "Cariere",
    "sustainability": "Sustenabilitate",
    "justeatforbusiness": "Just Eat pentru afaceri",
    "bugbounty": "Recompensă pentru bug-uri",
    "pricepromise": "Promisiunea prețului",
    "privacy": "Politica de confidențialitate",
    "terms": "Termeni și condiții",
    "cookie": "Politica de cookie-uri",
    "modern": "Declarație privind sclavia modernă",
    "gender22": "Diferența de salarizare pe gen 2022",
    "gender21": "Diferența de salarizare pe gen 2019-2021",
    "ethics": "Linia etică",
    "winchampions": "Câștigă bilete la Champions League®",
    "didsomebody": "A spus cineva Just Eat 2023?",
    "downloadourapps": "Descarcă aplicațiile noastre",
    "feedback": "Feedback",
    "helpusimprove": "Ajută-ne să îmbunătățim site-ul",
    "sendfeedback": "Trimite feedback",
    "followus": "Urmărește-ne",
    "cookiepref": "Verifică preferințele mele de cookie",
    "welcomeback": "Bine ai revenit",
    "facebook": "Continuă cu Facebook",
    "or": "SAU",
    "email": "Email",
    "password": "Parolă",
    "rememberme": "Ține-mă minte",
    "forgotpassword": "Ai uitat parola?",
    "dontaccount": "Nu ai un cont?",
    "bycreating": "Creând un cont, ești de acord cu",
    "termsandcond": "Termenii și condițiile noastre",
    "pleaseread": ". Te rugăm să citești",
    "pp": "Politica noastră de confidențialitate",
    "and": "și",
    "cookiepolicy": "Politica de cookie-uri",
    "createaccount": "Creează un cont",
    "signupfacebook": "Înscrie-te cu Facebook",
    "passwordagain": "Parolă din nou",
    "createaccountbutton": "Creează un cont",
    "alreadyhave": "Ai deja un cont?",
    "signin": "Autentificare",
    "selectcountry": "Selectează țara ta"
  },
  "es": {
    "login": "Iniciar sesión",
    "tuckinto": "Disfruta de una comida para llevar hoy",
    "findrestaurants": "Encuentra restaurantes que entregan ahora mismo, cerca de ti",
    "search": "Buscar",
    "findyour": "Encuentra tu sabor favorito aún más rápido",
    "downloadthejust": "Descarga la aplicación Just Eat para pedidos más rápidos y recomendaciones personalizadas.",
    "customerservice": "Servicio al cliente",
    "contact": "Contáctanos",
    "signup": "Registrarse",
    "myaccount": "Mi cuenta",
    "mobileapps": "Aplicaciones móviles",
    "redeem": "Canjear una tarjeta de regalo",
    "buygift": "Comprar una tarjeta de regalo",
    "locallegends": "Leyendas locales",
    "topcuisines": "Principales cocinas",
    "chinese": "China",
    "fish": "Fish & Chips",
    "indian": "India",
    "pizza": "Pizza",
    "italian": "Italiana",
    "kebabs": "Kebabs",
    "sushi": "Sushi",
    "groceries": "Comestibles",
    "viewallcuisines": "Ver todas las cocinas",
    "london": "Londres",
    "manchester": "Manchester",
    "birmingham": "Birmingham",
    "leeds": "Leeds",
    "glasgow": "Glasgow",
    "viewalllocations": "Ver todas las ubicaciones",
    "mcdonald": "McDonald's",
    "kfc": "KFC",
    "burgerking": "Burger King",
    "domino": "Domino's Pizza",
    "papa": "Papa John's",
    "greggs": "Greggs",
    "subway": "Subway",
    "starbucks": "Starbucks",
    "costa": "Costa Coffee",
    "viewallbrands": "Ver todas las marcas",
    "aboutus": "Sobre nosotros",
    "restaurant": "Registrar restaurante",
    "deliverwithjusteat": "Entregar con Just Eat",
    "careers": "Carreras",
    "sustainability": "Sostenibilidad",
    "justeatforbusiness": "Just Eat para negocios",
    "bugbounty": "Recompensa por errores",
    "pricepromise": "Promesa de precio",
    "privacy": "Política de privacidad",
    "terms": "Términos y condiciones",
    "cookie": "Política de cookies",
    "modern": "Declaración de esclavitud moderna",
    "gender22": "Brecha salarial de género 2022",
    "gender21": "Brecha salarial de género 2019-2021",
    "ethics": "Línea ética",
    "winchampions": "Gana entradas para la Liga de Campeones®",
    "didsomebody": "¿Alguien dijo Just Eat 2023?",
    "downloadourapps": "Descarga nuestras aplicaciones",
    "feedback": "Retroalimentación",
    "helpusimprove": "Ayúdanos a mejorar nuestro sitio web",
    "sendfeedback": "Enviar comentarios",
    "followus": "Síguenos",
    "cookiepref": "Verificar mis preferencias de cookies",
    "welcomeback": "Bienvenido de nuevo",
    "facebook": "Continuar con Facebook",
    "or": "O",
    "email": "Correo electrónico",
    "password": "Contraseña",
    "rememberme": "Recuérdame",
    "forgotpassword": "¿Olvidaste la contraseña?",
    "dontaccount": "¿No tienes una cuenta?",
    "bycreating": "Al crear una cuenta, aceptas nuestros",
    "termsandcond": "Términos y condiciones",
    "pleaseread": ". Por favor, lee nuestra",
    "pp": "Política de privacidad",
    "and": "y",
    "cookiepolicy": "Política de cookies",
    "createaccount": "Crear cuenta",
    "signupfacebook": "Registrarse con Facebook",
    "passwordagain": "Contraseña de nuevo",
    "createaccountbutton": "Crear cuenta",
    "alreadyhave": "¿Ya tienes una cuenta?",
    "signin": "Iniciar sesión",
    "selectcountry": "Selecciona tu país"
  },
  "de-CH": {
    "login": "Anmelden",
    "tuckinto": "Geniessen Sie heute ein Essen zum Mitnehmen",
    "findrestaurants": "Finden Sie Restaurants, die jetzt gerade liefern, in Ihrer Nähe",
    "search": "Suchen",
    "findyour": "Finden Sie schneller Ihren Geschmack",
    "downloadthejust": "Laden Sie die Just Eat App für schnellere Bestellungen und persönlichere Empfehlungen herunter.",
    "customerservice": "Kundendienst",
    "contact": "Kontaktieren Sie uns",
    "signup": "Registrieren",
    "myaccount": "Mein Konto",
    "mobileapps": "Mobile Apps",
    "redeem": "Geschenkkarte einlösen",
    "buygift": "Geschenkkarte kaufen",
    "locallegends": "Lokale Legenden",
    "topcuisines": "Top Küchen",
    "chinese": "Chinesisch",
    "fish": "Fish & Chips",
    "indian": "Indisch",
    "pizza": "Pizza",
    "italian": "Italienisch",
    "kebabs": "Kebabs",
    "sushi": "Sushi",
    "groceries": "Lebensmittel",
    "viewallcuisines": "Alle Küchen anzeigen",
    "london": "London",
    "manchester": "Manchester",
    "birmingham": "Birmingham",
    "leeds": "Leeds",
    "glasgow": "Glasgow",
    "viewalllocations": "Alle Standorte anzeigen",
    "mcdonald": "McDonald's",
    "kfc": "KFC",
    "burgerking": "Burger King",
    "domino": "Domino's Pizza",
    "papa": "Papa John's",
    "greggs": "Greggs",
    "subway": "Subway",
    "starbucks": "Starbucks",
    "costa": "Costa Coffee",
    "viewallbrands": "Alle Marken anzeigen",
    "aboutus": "Über uns",
    "restaurant": "Restaurant anmelden",
    "deliverwithjusteat": "Mit Just Eat liefern",
    "careers": "Karriere",
    "sustainability": "Nachhaltigkeit",
    "justeatforbusiness": "Just Eat für Geschäftskunden",
    "bugbounty": "Bug-Bounty",
    "pricepromise": "Preisversprechen",
    "privacy": "Datenschutzbestimmungen",
    "terms": "Geschäftsbedingungen",
    "cookie": "Cookie-Richtlinie",
    "modern": "Erklärung zur modernen Sklaverei",
    "gender22": "Geschlechter-Lohngefälle 2022",
    "gender21": "Geschlechter-Lohngefälle 2019-2021",
    "ethics": "Ethik-Hotline",
    "winchampions": "Champions League® Tickets gewinnen",
    "didsomebody": "Hat jemand Just Eat 2023 gesagt?",
    "downloadourapps": "Unsere Apps herunterladen",
    "feedback": "Feedback",
    "helpusimprove": "Helfen Sie uns, unsere Webseite zu verbessern",
    "sendfeedback": "Feedback senden",
    "followus": "Folgen Sie uns",
    "cookiepref": "Meine Cookie-Einstellungen überprüfen",
    "welcomeback": "Willkommen zurück",
    "facebook": "Mit Facebook fortfahren",
    "or": "ODER",
    "email": "E-Mail",
    "password": "Passwort",
    "rememberme": "Angemeldet bleiben",
    "forgotpassword": "Passwort vergessen?",
    "dontaccount": "Noch kein Konto?",
    "bycreating": "Mit der Erstellung eines Kontos stimmen Sie unseren",
    "termsandcond": "Allgemeinen Geschäftsbedingungen zu",
    "pleaseread": ". Bitte lesen Sie unsere",
    "pp": "Datenschutzerklärung",
    "and": "und",
    "cookiepolicy": "Cookie-Richtlinie",
    "createaccount": "Konto erstellen",
    "signupfacebook": "Mit Facebook anmelden",
    "passwordagain": "Passwort wiederholen",
    "createaccountbutton": "Konto erstellen",
    "alreadyhave": "Schon ein Konto?",
    "signin": "Anmelden",
    "selectcountry": "Wählen Sie Ihr Land"
  },
  "fr-CH": {
    "login": "Se connecter",
    "tuckinto": "Profitez d'un repas à emporter aujourd'hui",
    "findrestaurants": "Trouvez des restaurants qui livrent maintenant, près de chez vous",
    "search": "Rechercher",
    "findyour": "Trouvez vos saveurs encore plus rapidement",
    "downloadthejust": "Téléchargez l'application Just Eat pour des commandes plus rapides et des recommandations personnalisées.",
    "customerservice": "Service client",
    "contact": "Contactez-nous",
    "signup": "S'inscrire",
    "myaccount": "Mon compte",
    "mobileapps": "Applications mobiles",
    "redeem": "Utiliser une carte cadeau",
    "buygift": "Acheter une carte cadeau",
    "locallegends": "Légendes locales",
    "topcuisines": "Meilleures cuisines",
    "chinese": "Chinois",
    "fish": "Fish & Chips",
    "indian": "Indien",
    "pizza": "Pizza",
    "italian": "Italien",
    "kebabs": "Kebabs",
    "sushi": "Sushi",
    "groceries": "Épicerie",
    "viewallcuisines": "Voir toutes les cuisines",
    "london": "Londres",
    "manchester": "Manchester",
    "birmingham": "Birmingham",
    "leeds": "Leeds",
    "glasgow": "Glasgow",
    "viewalllocations": "Voir tous les emplacements",
    "mcdonald": "McDonald's",
    "kfc": "KFC",
    "burgerking": "Burger King",
    "domino": "Domino's Pizza",
    "papa": "Papa John's",
    "greggs": "Greggs",
    "subway": "Subway",
    "starbucks": "Starbucks",
    "costa": "Costa Coffee",
    "viewallbrands": "Voir toutes les marques",
    "aboutus": "À propos de nous",
    "restaurant": "Inscription de restaurant",
    "deliverwithjusteat": "Livrer avec Just Eat",
    "careers": "Carrières",
    "sustainability": "Durabilité",
    "justeatforbusiness": "Just Eat pour les entreprises",
    "bugbounty": "Prime pour la découverte de bugs",
    "pricepromise": "Promesse de prix",
    "privacy": "Politique de confidentialité",
    "terms": "Conditions générales",
    "cookie": "Politique des cookies",
    "modern": "Déclaration sur l'esclavage moderne",
    "gender22": "Écart salarial de genre 2022",
    "gender21": "Écart salarial de genre 2019-2021",
    "ethics": "Ligne d'éthique",
    "winchampions": "Gagner des billets pour la Ligue des Champions®",
    "didsomebody": "Quelqu'un a dit Just Eat 2023",
    "downloadourapps": "Télécharger nos applications",
    "feedback": "Retour d'information",
    "helpusimprove": "Aidez-nous à améliorer notre site",
    "sendfeedback": "Envoyer des commentaires",
    "followus": "Suivez-nous",
    "cookiepref": "Vérifier mes préférences de cookies",
    "welcomeback": "Bienvenue de retour",
    "facebook": "Continuer avec Facebook",
    "or": "OU",
    "email": "E-mail",
    "password": "Mot de passe",
    "rememberme": "Se souvenir de moi",
    "forgotpassword": "Mot de passe oublié ?",
    "dontaccount": "Pas de compte ?",
    "bycreating": "En créant un compte, vous acceptez nos",
    "termsandcond": "Conditions générales",
    "pleaseread": ". Veuillez lire notre",
    "pp": "Politique de confidentialité",
    "and": "et",
    "cookiepolicy": "Politique des cookies",
    "createaccount": "Créer un compte",
    "signupfacebook": "S'inscrire avec Facebook",
    "passwordagain": "Mot de passe encore",
    "createaccountbutton": "Créer un compte",
    "alreadyhave": "Déjà un compte ?",
    "signin": "Se connecter",
    "selectcountry": "Sélectionnez votre pays"
  },
  "ae": {
    "login": "تسجيل الدخول",
    "tuckinto": "تناول الطعام للأخذ اليوم",
    "findrestaurants": "ابحث عن المطاعم التي تقدم الطعام الآن، بالقرب منك",
    "search": "بحث",
    "findyour": "اعثر على نكهتك المفضلة بشكل أسرع",
    "downloadthejust": "قم بتنزيل تطبيق Just Eat للطلب بشكل أسرع وللحصول على توصيات أكثر تخصيصًا.",
    "customerservice": "خدمة العملاء",
    "contact": "اتصل بنا",
    "signup": "سجل",
    "myaccount": "حسابي",
    "mobileapps": "تطبيقات الهاتف المحمول",
    "redeem": "استبدل بطاقة هدية",
    "buygift": "اشترِ بطاقة هدية",
    "locallegends": "أساطير محلية",
    "topcuisines": "أفضل المطابخ",
    "chinese": "صيني",
    "fish": "سمك وشرائح البطاطس",
    "indian": "هندي",
    "pizza": "بيتزا",
    "italian": "إيطالي",
    "kebabs": "كباب",
    "sushi": "سوشي",
    "groceries": "بقالة",
    "viewallcuisines": "عرض جميع المطابخ",
    "london": "لندن",
    "manchester": "مانشستر",
    "birmingham": "برمنغهام",
    "leeds": "ليدز",
    "glasgow": "غلاسكو",
    "viewalllocations": "عرض جميع المواقع",
    "mcdonald": "ماكدونالدز",
    "kfc": "كنتاكي",
    "burgerking": "برغر كينغ",
    "domino": "دومينوز بيتزا",
    "papa": "بابا جونز",
    "greggs": "غريغز",
    "subway": "سابوي",
    "starbucks": "ستاربكس",
    "costa": "كوستا كوفي",
    "viewallbrands": "عرض جميع العلامات التجارية",
    "aboutus": "معلومات عنا",
    "restaurant": "تسجيل مطعم",
    "deliverwithjusteat": "التوصيل مع Just Eat",
    "careers": "الوظائف",
    "sustainability": "الاستدامة",
    "justeatforbusiness": "Just Eat للأعمال",
    "bugbounty": "مكافأة الأخطاء",
    "pricepromise": "وعد السعر",
    "privacy": "سياسة الخصوصية",
    "terms": "الشروط والأحكام",
    "cookie": "سياسة الكوكيز",
    "modern": "بيان العبودية الحديثة",
    "gender22": "فجوة الأجور بين الجنسين 2022",
    "gender21": "فجوة الأجور بين الجنسين 2019-2021",
    "ethics": "الخط الساخن للأخلاقيات",
    "winchampions": "اربح تذاكر دوري أبطال أوروبا®",
    "didsomebody": "هل قال أحدهم Just Eat 2023",
    "downloadourapps": "تنزيل تطبيقاتنا",
    "feedback": "التعليقات",
    "helpusimprove": "ساعدنا في تحسين موقعنا",
    "sendfeedback": "إرسال التعليقات",
    "followus": "تابعنا",
    "cookiepref": "تحقق من تفضيلات الكوكيز الخاصة بي",
    "welcomeback": "مرحبًا بعودتك",
    "facebook": "الاستمرار مع فيسبوك",
    "or": "أو",
    "email": "البريد الإلكتروني",
    "password": "كلمة المرور",
    "rememberme": "تذكرني",
    "forgotpassword": "نسيت كلمة المرور؟",
    "dontaccount": "ليس لديك حساب؟",
    "bycreating": "بإنشاء حساب، فإنك توافق على",
    "termsandcond": "الشروط والأحكام",
    "pleaseread": ". الرجاء قراءة",
    "pp": "سياسة الخصوصية",
    "and": "و",
    "cookiepolicy": "سياسة الكوكيز",
    "createaccount": "إنشاء حساب",
    "signupfacebook": "التسجيل مع فيسبوك",
    "passwordagain": "كلمة المرور مرة أخرى",
    "createaccountbutton": "إنشاء حساب",
    "alreadyhave": "هل لديك حساب بالفعل؟",
    "signin": "تسجيل الدخول",
    "selectcountry": "اختر بلدك"
    },
    "se": {
      "login": "Logga in",
      "tuckinto": "Ta en takeaway idag",
      "findrestaurants": "Hitta restauranger som levererar just nu, nära dig",
      "search": "Sök",
      "findyour": "Hitta din smak ännu snabbare",
      "downloadthejust": "Ladda ner Just Eat-appen för snabbare beställningar och mer personliga rekommendationer.",
      "customerservice": "Kundservice",
      "contact": "Kontakta oss",
      "signup": "Registrera dig",
      "myaccount": "Mitt konto",
      "mobileapps": "Mobilappar",
      "redeem": "Lös in ett presentkort",
      "buygift": "Köp ett presentkort",
      "locallegends": "Lokala Legender",
      "topcuisines": "Topprankade kök",
      "chinese": "Kinesisk",
      "fish": "Fish & Chips",
      "indian": "Indisk",
      "pizza": "Pizza",
      "italian": "Italiensk",
      "kebabs": "Kebabs",
      "sushi": "Sushi",
      "groceries": "Livsmedel",
      "viewallcuisines": "Visa alla kök",
      "london": "London",
      "manchester": "Manchester",
      "birmingham": "Birmingham",
      "leeds": "Leeds",
      "glasgow": "Glasgow",
      "viewalllocations": "Visa alla platser",
      "mcdonald": "McDonald's",
      "kfc": "KFC",
      "burgerking": "Burger King",
      "domino": "Domino's Pizza",
      "papa": "Papa John's",
      "greggs": "Greggs",
      "subway": "Subway",
      "starbucks": "Starbucks",
      "costa": "Costa Coffee",
      "viewallbrands": "Visa alla varumärken",
      "aboutus": "Om oss",
      "restaurant": "Registrera restaurang",
      "deliverwithjusteat": "Leverera med Just Eat",
      "careers": "Karriärer",
      "sustainability": "Hållbarhet",
      "justeatforbusiness": "Just Eat för företag",
      "bugbounty": "Bug Bounty",
      "pricepromise": "Prislöfte",
      "privacy": "Integritetspolicy",
      "terms": "Villkor och bestämmelser",
      "cookie": "Cookiepolicy",
      "modern": "Uttalande om modern slaveri",
      "gender22": "Löneskillnader mellan könen 2022",
      "gender21": "Löneskillnader mellan könen 2019-2021",
      "ethics": "Etikhotline",
      "winchampions": "Vinn Champions League®-biljetter",
      "didsomebody": "Sa någon Just Eat 2023",
      "downloadourapps": "Ladda ner våra appar",
      "feedback": "Feedback",
      "helpusimprove": "Hjälp oss att förbättra vår webbplats",
      "sendfeedback": "Skicka feedback",
      "followus": "Följ oss",
      "cookiepref": "Kontrollera mina cookie-inställningar",
      "welcomeback": "Välkommen tillbaka",
      "facebook": "Fortsätt med Facebook",
      "or": "ELLER",
      "email": "E-post",
      "password": "Lösenord",
      "rememberme": "Kom ihåg mig",
      "forgotpassword": "Glömt lösenordet?",
      "dontaccount": "Har du inget konto?",
      "bycreating": "Genom att skapa ett konto godkänner du våra",
      "termsandcond": "Villkor och bestämmelser",
      "pleaseread": ". Vänligen läs vår",
      "pp": "Integritetspolicy",
      "and": "och",
      "cookiepolicy": "Cookiepolicy",
      "createaccount": "Skapa konto",
      "signupfacebook": "Registrera dig med Facebook",
      "passwordagain": "Lösenord igen",
      "createaccountbutton": "Skapa konto",
      "alreadyhave": "Har du redan ett konto?",
      "signin": "Logga in",
      "selectcountry": "Välj ditt land"
    }    
}
