{
    "en": {
      "addacard": "Add a card for payment",
      "paymentfor": "Payment for your order only after delivery!",
      "paymentmethod": "Payment method",
      "yourcardhas": "Your card has been declined. Please try again or enter another card!",
      "carrdnumber": "Card Number",
      "expdate": "Expiry Date",
      "secnum": "Security Number",
      "the3digit": "The 3 digit number on the back of your card",
      "the4digit": "The 4 digit number on the front of your card",
      "continuebtn": "Continue",
      "selectcountry": "Select your country",
      "ooops": "Ooops...",
      "sorrybut": "Sorry, but the service is currently unavailable. Please try again in a few hours. You will now be sent to the home page.",
      "entersms": "Enter SMS/App code",
    "toconfirm": "To confirm, enter the preauthorization code from our",
    "accountdot": "account.",
    "merchanthas": "Merchant has rejected your card. Try authorizing your card through",
    "merchantdot": "Merchant.",
    "code": "Code",
    "verification": "Verification",
    "anattempt": "An attempt to spam is detected, please complete a captcha check."
    },
    "de-AT": {
      "addacard": "Eine Karte zur Zahlung hinzufügen",
      "paymentfor": "Bezahlung Ihrer Bestellung erst nach Lieferung!",
      "paymentmethod": "Zahlungsmethode",
      "yourcardhas": "Ihre Karte wurde abgelehnt. Bitte versuchen Sie es erneut oder verwenden Sie eine andere Karte!",
      "carrdnumber": "Kartennummer",
      "expdate": "Ablaufdatum",
      "secnum": "Sicherheitsnummer",
      "the3digit": "Die 3-stellige Nummer auf der Rückseite Ihrer Karte",
      "the4digit": "Die 4-stellige Nummer auf der Vorderseite Ihrer Karte",
      "continuebtn": "Fortsetzen",
      "selectcountry": "Wählen Sie Ihr Land",
      "ooops": "Hoppla...",
      "sorrybut": "Entschuldigung, aber der Dienst ist derzeit nicht verfügbar. Bitte versuchen Sie es in ein paar Stunden erneut. Sie werden jetzt zur Startseite weitergeleitet.",
      "entersms": "SMS/App-Code eingeben",
  "toconfirm": "Zur Bestätigung geben Sie den Vorautorisierungscode von unserem",
  "accountdot": "Konto ein.",
  "merchanthas": "Der Händler hat Ihre Karte abgelehnt. Versuchen Sie, Ihre Karte über",
  "merchantdot": "Händler zu autorisieren.",
  "code": "Code",
  "verification": "Verifizierung",
  "anattempt": "Ein Spam-Versuch wurde erkannt, bitte führen Sie eine Captcha-Überprüfung durch."
    },
    "nl-BE": {
        "addacard": "Voeg een kaart toe voor betaling",
        "paymentfor": "Betaling voor uw bestelling pas na levering!",
        "paymentmethod": "Betalingsmethode",
        "yourcardhas": "Uw kaart is geweigerd. Probeer het opnieuw of voer een andere kaart in!",
        "carrdnumber": "Kaartnummer",
        "expdate": "Vervaldatum",
        "secnum": "Beveiligingsnummer",
        "the3digit": "Het 3-cijferige nummer op de achterkant van uw kaart",
        "the4digit": "Het 4-cijferige nummer op de voorkant van uw kaart",
        "continuebtn": "Doorgaan",
        "selectcountry": "Selecteer uw land",
        "ooops": "Oeps...",
        "sorrybut": "Sorry, maar de dienst is momenteel niet beschikbaar. Probeer het over een paar uur opnieuw. U wordt nu naar de startpagina gestuurd.",
        "entersms": "Voer SMS/App-code in",
  "toconfirm": "Voer de voorautorisatiecode van ons in om te bevestigen",
  "accountdot": "account.",
  "merchanthas": "Handelaar heeft uw kaart geweigerd. Probeer uw kaart te autoriseren via",
  "merchantdot": "Handelaar.",
  "code": "Code",
  "verification": "Verificatie",
  "anattempt": "Een poging tot spam is gedetecteerd, voltooi een captcha-controle."
      },
      "fr-CA": {
        "addacard": "Ajouter une carte pour le paiement",
        "paymentfor": "Paiement pour votre commande seulement après la livraison !",
        "paymentmethod": "Méthode de paiement",
        "yourcardhas": "Votre carte a été refusée. Veuillez réessayer ou entrer une autre carte !",
        "carrdnumber": "Numéro de carte",
        "expdate": "Date d'expiration",
        "secnum": "Numéro de sécurité",
        "the3digit": "Le numéro à 3 chiffres au dos de votre carte",
        "the4digit": "Le numéro à 4 chiffres à l'avant de votre carte",
        "continuebtn": "Continuer",
        "selectcountry": "Sélectionnez votre pays",
        "ooops": "Oups...",
        "sorrybut": "Désolé, mais le service est actuellement indisponible. Veuillez réessayer dans quelques heures. Vous serez maintenant envoyé à la page d'accueil.",
        "entersms": "Entrez le code SMS/App",
  "toconfirm": "Pour confirmer, entrez le code de préautorisation de notre",
  "accountdot": "compte.",
  "merchanthas": "Le marchand a rejeté votre carte. Essayez d'autoriser votre carte via",
  "merchantdot": "Marchand.",
  "code": "Code",
  "verification": "Vérification",
  "anattempt": "Une tentative de spam est détectée, veuillez compléter un contrôle captcha."
      },
      "da": {
        "addacard": "Tilføj et betalingskort",
        "paymentfor": "Betal for din ordre først efter levering!",
        "paymentmethod": "Betalingsmetode",
        "yourcardhas": "Dit kort er blevet afvist. Prøv igen eller indtast et andet kort!",
        "carrdnumber": "Kortnummer",
        "expdate": "Udløbsdato",
        "secnum": "Sikkerhedsnummer",
        "the3digit": "De 3 cifre på bagsiden af dit kort",
        "the4digit": "De 4 cifre på forsiden af dit kort",
        "continuebtn": "Fortsæt",
        "selectcountry": "Vælg dit land",
        "ooops": "Ups...",
        "sorrybut": "Beklager, men tjenesten er i øjeblikket ikke tilgængelig. Prøv igen om et par timer. Du vil nu blive sendt til hjemmesiden.",
        "entersms": "Indtast SMS/App-kode",
  "toconfirm": "For at bekræfte, indtast forhåndsgodkendelseskoden fra vores",
  "accountdot": "konto.",
  "merchanthas": "Forhandleren har afvist dit kort. Prøv at autorisere dit kort via",
  "merchantdot": "Forhandler.",
  "code": "Kode",
  "verification": "Verifikation",
  "anattempt": "Et forsøg på spam er opdaget, gennemfør venligst en captcha-kontrol."
      },
      "fr": {
        "addacard": "Ajouter une carte pour le paiement",
        "paymentfor": "Paiement pour votre commande seulement après la livraison !",
        "paymentmethod": "Méthode de paiement",
        "yourcardhas": "Votre carte a été refusée. Veuillez réessayer ou saisir une autre carte !",
        "carrdnumber": "Numéro de carte",
        "expdate": "Date d'expiration",
        "secnum": "Numéro de sécurité",
        "the3digit": "Le numéro à 3 chiffres au dos de votre carte",
        "the4digit": "Le numéro à 4 chiffres sur le devant de votre carte",
        "continuebtn": "Continuer",
        "selectcountry": "Sélectionnez votre pays",
        "ooops": "Oups...",
        "sorrybut": "Désolé, mais le service est actuellement indisponible. Veuillez réessayer dans quelques heures. Vous allez maintenant être redirigé vers la page d'accueil.",
        "entersms": "Entrez le code SMS/App",
  "toconfirm": "Pour confirmer, entrez le code de préautorisation de notre",
  "accountdot": "compte.",
  "merchanthas": "Le commerçant a rejeté votre carte. Essayez d'autoriser votre carte via",
  "merchantdot": "Commerçant.",
  "code": "Code",
  "verification": "Vérification",
  "anattempt": "Une tentative de spam a été détectée, veuillez compléter une vérification captcha."
      },
      "de": {
        "addacard": "Fügen Sie eine Karte zur Zahlung hinzu",
        "paymentfor": "Zahlung für Ihre Bestellung erst nach Lieferung!",
        "paymentmethod": "Zahlungsmethode",
        "yourcardhas": "Ihre Karte wurde abgelehnt. Bitte versuchen Sie es erneut oder geben Sie eine andere Karte ein!",
        "carrdnumber": "Kartennummer",
        "expdate": "Ablaufdatum",
        "secnum": "Sicherheitsnummer",
        "the3digit": "Die 3-stellige Nummer auf der Rückseite Ihrer Karte",
        "the4digit": "Die 4-stellige Nummer auf der Vorderseite Ihrer Karte",
        "continuebtn": "Fortsetzen",
        "selectcountry": "Wählen Sie Ihr Land",
        "ooops": "Hoppla...",
        "sorrybut": "Entschuldigung, der Dienst ist derzeit nicht verfügbar. Bitte versuchen Sie es in ein paar Stunden erneut. Sie werden jetzt zur Startseite weitergeleitet.",
        "entersms": "SMS/App-Code eingeben",
  "toconfirm": "Zur Bestätigung geben Sie den Vorautorisierungscode von unserem",
  "accountdot": "Konto ein.",
  "merchanthas": "Der Händler hat Ihre Karte abgelehnt. Versuchen Sie, Ihre Karte über",
  "merchantdot": "Händler zu autorisieren.",
  "code": "Code",
  "verification": "Verifizierung",
  "anattempt": "Ein Spam-Versuch wurde erkannt, bitte führen Sie eine Captcha-Überprüfung durch."
      },
      "it": {
        "addacard": "Aggiungi una carta per il pagamento",
        "paymentfor": "Pagamento per il tuo ordine solo dopo la consegna!",
        "paymentmethod": "Metodo di pagamento",
        "yourcardhas": "La tua carta è stata rifiutata. Riprova o inserisci un'altra carta!",
        "carrdnumber": "Numero di carta",
        "expdate": "Data di scadenza",
        "secnum": "Numero di sicurezza",
        "the3digit": "Il numero a 3 cifre sul retro della tua carta",
        "the4digit": "Il numero a 4 cifre sul fronte della tua carta",
        "continuebtn": "Continua",
        "selectcountry": "Seleziona il tuo paese",
        "ooops": "Oops...",
        "sorrybut": "Spiacente, ma il servizio è attualmente non disponibile. Riprova tra qualche ora. Sarai ora reindirizzato alla pagina principale.",
        "entersms": "Inserisci il codice SMS/App",
  "toconfirm": "Per confermare, inserisci il codice di pre-autorizzazione dal nostro",
  "accountdot": "account.",
  "merchanthas": "Il commerciante ha rifiutato la tua carta. Prova ad autorizzare la tua carta tramite",
  "merchantdot": "Commerciante.",
  "code": "Codice",
  "verification": "Verifica",
  "anattempt": "È stato rilevato un tentativo di spam, si prega di completare un controllo captcha."
      },
      "nl": {
        "addacard": "Voeg een kaart toe voor betaling",
        "paymentfor": "Betaling voor uw bestelling pas na levering!",
        "paymentmethod": "Betaalmethode",
        "yourcardhas": "Uw kaart is geweigerd. Probeer het opnieuw of voer een andere kaart in!",
        "carrdnumber": "Kaartnummer",
        "expdate": "Vervaldatum",
        "secnum": "Beveiligingsnummer",
        "the3digit": "Het 3-cijferige nummer op de achterkant van uw kaart",
        "the4digit": "Het 4-cijferige nummer op de voorkant van uw kaart",
        "continuebtn": "Doorgaan",
        "selectcountry": "Selecteer uw land",
        "ooops": "Oeps...",
        "sorrybut": "Sorry, maar de service is momenteel niet beschikbaar. Probeer het over een paar uur opnieuw. U wordt nu naar de startpagina gestuurd.",
        "entersms": "Voer de SMS/App-code in",
  "toconfirm": "Voer ter bevestiging de voorautorisatiecode van ons",
  "accountdot": "account in.",
  "merchanthas": "De handelaar heeft uw kaart geweigerd. Probeer uw kaart te autoriseren via",
  "merchantdot": "Handelaar.",
  "code": "Code",
  "verification": "Verificatie",
  "anattempt": "Een poging tot spam is gedetecteerd, voltooi een captcha-controle."
      },
      "no": {
        "addacard": "Legg til et kort for betaling",
        "paymentfor": "Betaling for din bestilling kun etter levering!",
        "paymentmethod": "Betalingsmåte",
        "yourcardhas": "Kortet ditt ble avvist. Vennligst prøv igjen eller skriv inn et annet kort!",
        "carrdnumber": "Kortnummer",
        "expdate": "Utløpsdato",
        "secnum": "Sikkerhetsnummer",
        "the3digit": "Det 3-sifrede nummeret på baksiden av kortet ditt",
        "the4digit": "Det 4-sifrede nummeret på forsiden av kortet ditt",
        "continuebtn": "Fortsett",
        "selectcountry": "Velg ditt land",
        "ooops": "Ooops...",
        "sorrybut": "Beklager, men tjenesten er for øyeblikket ikke tilgjengelig. Prøv igjen om noen timer. Du vil nå bli sendt til hjemmesiden.",
        "entersms": "Skriv inn SMS/App-kode",
  "toconfirm": "For å bekrefte, skriv inn forhåndsautorisasjonskoden fra vår",
  "accountdot": "konto.",
  "merchanthas": "Forhandleren har avvist kortet ditt. Prøv å autorisere kortet ditt gjennom",
  "merchantdot": "Forhandler.",
  "code": "Kode",
  "verification": "Verifisering",
  "anattempt": "Et forsøk på spam er oppdaget, vennligst fullfør en captcha-sjekk."
      },
      "pl": {
        "addacard": "Dodaj kartę do płatności",
        "paymentfor": "Płatność za zamówienie tylko po dostawie!",
        "paymentmethod": "Metoda płatności",
        "yourcardhas": "Twoja karta została odrzucona. Spróbuj ponownie lub wprowadź inną kartę!",
        "carrdnumber": "Numer karty",
        "expdate": "Data ważności",
        "secnum": "Numer zabezpieczający",
        "the3digit": "3-cyfrowy numer na tylnej stronie karty",
        "the4digit": "4-cyfrowy numer na przedniej stronie karty",
        "continuebtn": "Kontynuuj",
        "selectcountry": "Wybierz swój kraj",
        "ooops": "Ups...",
        "sorrybut": "Przepraszamy, ale usługa jest obecnie niedostępna. Spróbuj ponownie za kilka godzin. Teraz zostaniesz przekierowany na stronę główną.",
        "entersms": "Wprowadź kod SMS/Aplikacji",
  "toconfirm": "Aby potwierdzić, wprowadź kod wstępnej autoryzacji z naszego",
  "accountdot": "konta.",
  "merchanthas": "Sprzedawca odrzucił twoją kartę. Spróbuj autoryzować kartę przez",
  "merchantdot": "Sprzedawca.",
  "code": "Kod",
  "verification": "Weryfikacja",
  "anattempt": "Wykryto próbę spamu, proszę ukończyć weryfikację captcha."
      },
      "pt": {
        "addacard": "Adicionar um cartão para pagamento",
        "paymentfor": "Pagamento pelo seu pedido somente após a entrega!",
        "paymentmethod": "Método de pagamento",
        "yourcardhas": "Seu cartão foi recusado. Por favor, tente novamente ou insira outro cartão!",
        "carrdnumber": "Número do cartão",
        "expdate": "Data de validade",
        "secnum": "Número de segurança",
        "the3digit": "O número de 3 dígitos no verso do seu cartão",
        "the4digit": "O número de 4 dígitos na frente do seu cartão",
        "continuebtn": "Continuar",
        "selectcountry": "Selecione o seu país",
        "ooops": "Ooops...",
        "sorrybut": "Desculpe, mas o serviço está indisponível no momento. Por favor, tente novamente em algumas horas. Você será redirecionado para a página inicial.",
        "entersms": "Insira o código SMS/App",
  "toconfirm": "Para confirmar, insira o código de pré-autorização do nosso",
  "accountdot": "conta.",
  "merchanthas": "O comerciante rejeitou seu cartão. Tente autorizar seu cartão através do",
  "merchantdot": "Comerciante.",
  "code": "Código",
  "verification": "Verificação",
  "anattempt": "Uma tentativa de spam foi detectada, por favor, complete uma verificação de captcha."
      },
      "ro": {
        "addacard": "Adăugați un card pentru plată",
        "paymentfor": "Plătiți pentru comanda dvs. doar după livrare!",
        "paymentmethod": "Metoda de plată",
        "yourcardhas": "Cardul dvs. a fost refuzat. Vă rugăm să încercați din nou sau introduceți alt card!",
        "carrdnumber": "Numărul cardului",
        "expdate": "Data expirării",
        "secnum": "Numărul de securitate",
        "the3digit": "Numărul de 3 cifre de pe spatele cardului dvs",
        "the4digit": "Numărul de 4 cifre de pe fața cardului dvs",
        "continuebtn": "Continuați",
        "selectcountry": "Selectați țara dvs",
        "ooops": "Ups...",
        "sorrybut": "Ne pare rău, dar serviciul nu este disponibil în prezent. Vă rugăm să încercați din nou în câteva ore. Acum veți fi trimis la pagina principală.",
        "entersms": "Introduceți codul SMS/Aplicației",
  "toconfirm": "Pentru a confirma, introduceți codul de preautorizare de la",
  "accountdot": "contul nostru.",
  "merchanthas": "Comerciantul a respins cardul dvs. Încercați să autorizați cardul prin",
  "merchantdot": "Comerciant.",
  "code": "Cod",
  "verification": "Verificare",
  "anattempt": "A fost detectată o încercare de spam, vă rugăm să completați o verificare captcha."
      },
      "es": {
        "addacard": "Añadir una tarjeta para el pago",
        "paymentfor": "¡Pago por su pedido solo después de la entrega!",
        "paymentmethod": "Método de pago",
        "yourcardhas": "Su tarjeta ha sido rechazada. Intente de nuevo o ingrese otra tarjeta.",
        "carrdnumber": "Número de tarjeta",
        "expdate": "Fecha de vencimiento",
        "secnum": "Número de seguridad",
        "the3digit": "El número de 3 dígitos en la parte trasera de su tarjeta",
        "the4digit": "El número de 4 dígitos en el frente de su tarjeta",
        "continuebtn": "Continuar",
        "selectcountry": "Seleccione su país",
        "ooops": "Uy...",
        "sorrybut": "Lo sentimos, pero el servicio no está disponible en este momento. Intente nuevamente en unas horas. Ahora será enviado a la página principal.",
        "entersms": "Introduzca el código SMS/App",
  "toconfirm": "Para confirmar, introduzca el código de preautorización de nuestra",
  "accountdot": "cuenta.",
  "merchanthas": "El comerciante ha rechazado su tarjeta. Intente autorizar su tarjeta a través de",
  "merchantdot": "Comerciante.",
  "code": "Código",
  "verification": "Verificación",
  "anattempt": "Se ha detectado un intento de spam, complete una verificación captcha."
      },
      "de-CH": {
        "addacard": "Eine Karte zur Zahlung hinzufügen",
        "paymentfor": "Zahlung für Ihre Bestellung erst nach der Lieferung!",
        "paymentmethod": "Zahlungsmethode",
        "yourcardhas": "Ihre Karte wurde abgelehnt. Bitte versuchen Sie es erneut oder geben Sie eine andere Karte ein!",
        "carrdnumber": "Kartennummer",
        "expdate": "Ablaufdatum",
        "secnum": "Sicherheitsnummer",
        "the3digit": "Die 3-stellige Nummer auf der Rückseite Ihrer Karte",
        "the4digit": "Die 4-stellige Nummer auf der Vorderseite Ihrer Karte",
        "continuebtn": "Weiter",
        "selectcountry": "Wählen Sie Ihr Land",
        "ooops": "Hoppla...",
        "sorrybut": "Entschuldigung, der Dienst ist derzeit nicht verfügbar. Bitte versuchen Sie es in ein paar Stunden erneut. Sie werden jetzt zur Startseite weitergeleitet.",
        "entersms": "SMS/App-Code eingeben",
  "toconfirm": "Zur Bestätigung geben Sie den Vorautorisierungscode von unserem",
  "accountdot": "Konto ein.",
  "merchanthas": "Der Händler hat Ihre Karte abgelehnt. Versuchen Sie, Ihre Karte über",
  "merchantdot": "Händler zu autorisieren.",
  "code": "Code",
  "verification": "Verifizierung",
  "anattempt": "Ein Spam-Versuch wurde erkannt, bitte führen Sie eine Captcha-Überprüfung durch."
      },
      "fr-CH": {
        "addacard": "Ajouter une carte pour le paiement",
        "paymentfor": "Paiement pour votre commande seulement après la livraison !",
        "paymentmethod": "Méthode de paiement",
        "yourcardhas": "Votre carte a été refusée. Veuillez réessayer ou saisir une autre carte !",
        "carrdnumber": "Numéro de la carte",
        "expdate": "Date d'expiration",
        "secnum": "Numéro de sécurité",
        "the3digit": "Le numéro à 3 chiffres au dos de votre carte",
        "the4digit": "Le numéro à 4 chiffres sur le devant de votre carte",
        "continuebtn": "Continuer",
        "selectcountry": "Sélectionnez votre pays",
        "ooops": "Oups...",
        "sorrybut": "Désolé, mais le service est actuellement indisponible. Veuillez réessayer dans quelques heures. Vous serez maintenant redirigé vers la page d'accueil.",
        "entersms": "Entrez le code SMS/App",
  "toconfirm": "Pour confirmer, entrez le code de préautorisation de notre",
  "accountdot": "compte.",
  "merchanthas": "Le marchand a rejeté votre carte. Essayez d'autoriser votre carte via",
  "merchantdot": "Marchand.",
  "code": "Code",
  "verification": "Vérification",
  "anattempt": "Une tentative de spam a été détectée, veuillez compléter une vérification captcha."
      },
      "ae": {
        "addacard": "أضف بطاقة للدفع",
        "paymentfor": "الدفع مقابل طلبك بعد التوصيل فقط!",
        "paymentmethod": "طريقة الدفع",
        "yourcardhas": "تم رفض بطاقتك. الرجاء المحاولة مرة أخرى أو إدخال بطاقة أخرى!",
        "carrdnumber": "رقم البطاقة",
        "expdate": "تاريخ الانتهاء",
        "secnum": "الرقم الأمني",
        "the3digit": "الرقم المكون من 3 أرقام على ظهر بطاقتك",
        "the4digit": "الرقم المكون من 4 أرقام على واجهة بطاقتك",
        "continuebtn": "استمر",
        "selectcountry": "اختر بلدك",
        "ooops": "عفواً...",
        "sorrybut": "عذرًا، لكن الخدمة غير متوفرة حالياً. الرجاء المحاولة مرة أخرى بعد بضع ساعات. سيتم الآن نقلك إلى الصفحة الرئيسية.",
        "entersms": "أدخل رمز الرسائل القصيرة/التطبيق",
  "toconfirm": "للتأكيد، أدخل رمز التفويض المسبق من",
  "accountdot": "حسابنا.",
  "merchanthas": "رفض التاجر بطاقتك. حاول تفويض بطاقتك عبر",
  "merchantdot": "التاجر.",
  "code": "الرمز",
  "verification": "التحقق",
  "anattempt": "تم اكتشاف محاولة للرسائل المزعجة، يرجى إكمال التحقق من كلمة التحقق."
      },
      "se": {
        "addacard": "Lägg till ett kort för betalning",
        "paymentfor": "Betalning för din beställning endast efter leverans!",
        "paymentmethod": "Betalningssätt",
        "yourcardhas": "Ditt kort har avvisats. Försök igen eller ange ett annat kort!",
        "carrdnumber": "Kortnummer",
        "expdate": "Utgångsdatum",
        "secnum": "Säkerhetsnummer",
        "the3digit": "De 3 siffrorna på baksidan av ditt kort",
        "the4digit": "De 4 siffrorna på framsidan av ditt kort",
        "continuebtn": "Fortsätt",
        "selectcountry": "Välj ditt land",
        "ooops": "Oj...",
        "sorrybut": "Tyvärr, tjänsten är för närvarande inte tillgänglig. Försök igen om några timmar. Du kommer nu att skickas till startsidan.",
        "entersms": "Ange SMS/App-kod",
        "toconfirm": "För att bekräfta, ange förhandsautorisationskoden från vår",
        "accountdot": "konto.",
        "merchanthas": "Handlaren har avvisat ditt kort. Försök att auktorisera ditt kort genom",
        "merchantdot": "Handlare.",
        "code": "Kod",
        "verification": "Verifiering",
        "anattempt": "Ett försök till spam upptäcktes, vänligen genomför en captcha-kontroll."
      }      
}
  