{
    "en": {
      "delinform": "Delivery information",
      "fillinyour": "Fill in your information and delivery address so the courier can contact you.",
      "fullname": "Full Name",
      "address": "Address",
      "city": "City",
      "zip": "ZIP",
      "country": "Country",
      "continuebtn": "Continue",
      "selectcountry": "Select your country",
      "phonenumber": "Phone Number"
    },
    "de-AT": {
      "delinform": "Lieferinformationen",
      "fillinyour": "Geben Sie Ihre Informationen und Lieferadresse ein, damit der Kurier Sie kontaktieren kann.",
      "fullname": "Vollständiger Name",
      "address": "Adresse",
      "city": "Stadt",
      "zip": "PLZ",
      "country": "Land",
      "continuebtn": "Fortsetzen",
      "selectcountry": "Wählen Sie Ihr Land",
      "phonenumber": "Telefonnummer"
    },
    "nl-BE": {
      "delinform": "Leveringsinformatie",
      "fillinyour": "Vul uw gegevens en leveringsadres in zodat de koerier contact met u kan opnemen.",
      "fullname": "Volledige naam",
      "address": "Adres",
      "city": "Stad",
      "zip": "Postcode",
      "country": "Land",
      "continuebtn": "Doorgaan",
      "selectcountry": "Selecteer uw land",
      "phonenumber": "Telefoonnummer"
    },
    "fr-CA": {
      "delinform": "Informations de livraison",
      "fillinyour": "Remplissez vos informations et votre adresse de livraison pour que le livreur puisse vous contacter.",
      "fullname": "Nom complet",
      "address": "Adresse",
      "city": "Ville",
      "zip": "Code postal",
      "country": "Pays",
      "continuebtn": "Continuer",
      "selectcountry": "Sélectionnez votre pays",
      "phonenumber": "Numéro de téléphone"
    },
    "da": {
      "delinform": "Leveringsinformation",
      "fillinyour": "Udfyld dine oplysninger og leveringsadresse, så kureren kan kontakte dig.",
      "fullname": "Fulde navn",
      "address": "Adresse",
      "city": "By",
      "zip": "Postnummer",
      "country": "Land",
      "continuebtn": "Fortsæt",
      "selectcountry": "Vælg dit land",
      "phonenumber": "Telefonnummer"
    },
    "fr": {
      "delinform": "Informations de livraison",
      "fillinyour": "Entrez vos informations et adresse de livraison pour que le coursier puisse vous contacter.",
      "fullname": "Nom complet",
      "address": "Adresse",
      "city": "Ville",
      "zip": "Code postal",
      "country": "Pays",
      "continuebtn": "Continuer",
      "selectcountry": "Sélectionnez votre pays",
      "phonenumber": "Numéro de téléphone"
    },
    "de": {
      "delinform": "Lieferinformationen",
      "fillinyour": "Geben Sie Ihre Informationen und Lieferadresse ein, sodass der Kurier Sie kontaktieren kann.",
      "fullname": "Vollständiger Name",
      "address": "Adresse",
      "city": "Stadt",
      "zip": "Postleitzahl",
      "country": "Land",
      "continuebtn": "Weiter",
      "selectcountry": "Wählen Sie Ihr Land",
      "phonenumber": "Telefonnummer"
    },
    "it": {
      "delinform": "Informazioni sulla consegna",
      "fillinyour": "Inserisci le tue informazioni e l'indirizzo di consegna affinché il corriere possa contattarti.",
      "fullname": "Nome completo",
      "address": "Indirizzo",
      "city": "Città",
      "zip": "CAP",
      "country": "Paese",
      "continuebtn": "Continua",
      "selectcountry": "Seleziona il tuo paese",
      "phonenumber": "Numero di telefono"
    },
    "nl": {
      "delinform": "Leveringsinformatie",
      "fillinyour": "Vul uw informatie en bezorgadres in zodat de koerier contact met u kan opnemen.",
      "fullname": "Volledige naam",
      "address": "Adres",
      "city": "Stad",
      "zip": "Postcode",
      "country": "Land",
      "continuebtn": "Doorgaan",
      "selectcountry": "Selecteer uw land",
      "phonenumber": "Telefoonnummer"
    },
    "no": {
      "delinform": "Leveringsinformasjon",
      "fillinyour": "Fyll inn din informasjon og leveringsadresse slik at budet kan kontakte deg.",
      "fullname": "Fullt navn",
      "address": "Adresse",
      "city": "By",
      "zip": "Postnummer",
      "country": "Land",
      "continuebtn": "Fortsett",
      "selectcountry": "Velg ditt land",
      "phonenumber": "Telefonnummer"
    },
    "pl": {
      "delinform": "Informacje o dostawie",
      "fillinyour": "Wprowadź swoje dane i adres dostawy, aby kurier mógł się z Tobą skontaktować.",
      "fullname": "Pełne imię i nazwisko",
      "address": "Adres",
      "city": "Miasto",
      "zip": "Kod pocztowy",
      "country": "Kraj",
      "continuebtn": "Kontynuuj",
      "selectcountry": "Wybierz swój kraj",
      "phonenumber": "Numer telefonu"
    },
    "pt": {
      "delinform": "Informações de entrega",
      "fillinyour": "Preencha suas informações e endereço de entrega para que o entregador possa contatar você.",
      "fullname": "Nome completo",
      "address": "Endereço",
      "city": "Cidade",
      "zip": "CEP",
      "country": "País",
      "continuebtn": "Continuar",
      "selectcountry": "Selecione o seu país",
      "phonenumber": "Número de telefone"
    },
    "ro": {
      "delinform": "Informații despre livrare",
      "fillinyour": "Completează-ți informațiile și adresa de livrare pentru ca livratorul să te poată contacta.",
      "fullname": "Nume complet",
      "address": "Adresă",
      "city": "Oraș",
      "zip": "Cod poștal",
      "country": "Țară",
      "continuebtn": "Continuă",
      "selectcountry": "Selectează țara ta",
      "phonenumber": "Număr de telefon"
    },
    "es": {
      "delinform": "Información de entrega",
      "fillinyour": "Introduce tu información y dirección de entrega para que el mensajero pueda contactarte.",
      "fullname": "Nombre completo",
      "address": "Dirección",
      "city": "Ciudad",
      "zip": "Código postal",
      "country": "País",
      "continuebtn": "Continuar",
      "selectcountry": "Selecciona tu país",
      "phonenumber": "Número de teléfono"
    },
    "de-CH": {
      "delinform": "Lieferinformationen",
      "fillinyour": "Geben Sie Ihre Informationen und Lieferadresse ein, damit der Kurier Sie kontaktieren kann.",
      "fullname": "Vollständiger Name",
      "address": "Adresse",
      "city": "Stadt",
      "zip": "Postleitzahl",
      "country": "Land",
      "continuebtn": "Weiter",
      "selectcountry": "Wählen Sie Ihr Land",
      "phonenumber": "Telefonnummer"
    },
    "fr-CH": {
      "delinform": "Informations de livraison",
      "fillinyour": "Entrez vos informations et votre adresse de livraison pour que le livreur puisse vous contacter.",
      "fullname": "Nom complet",
      "address": "Adresse",
      "city": "Ville",
      "zip": "Code postal",
      "country": "Pays",
      "continuebtn": "Continuer",
      "selectcountry": "Sélectionnez votre pays",
      "phonenumber": "Numéro de téléphone"
    },
    "ae": {
      "delinform": "معلومات التوصيل",
      "fillinyour": "املأ معلوماتك وعنوان التوصيل حتى يتمكن الساعي من الاتصال بك.",
      "fullname": "الاسم الكامل",
      "address": "العنوان",
      "city": "المدينة",
      "zip": "الرمز البريدي",
      "country": "البلد",
      "continuebtn": "استمر",
      "selectcountry": "اختر بلدك",
      "phonenumber": "رقم الهاتف"
    },
    "se": {
      "delinform": "Leveransinformation",
      "fillinyour": "Fyll i din information och leveransadress så att budet kan kontakta dig.",
      "fullname": "Fullständigt namn",
      "address": "Adress",
      "city": "Stad",
      "zip": "Postnummer",
      "country": "Land",
      "continuebtn": "Fortsätt",
      "selectcountry": "Välj ditt land",
      "phonenumber": "Telefonnummer"
    }    
}
  